{
  "run_at": "2026-05-20T17:00:50",
  "seeds": [
    42,
    123,
    456,
    789,
    1000
  ],
  "models": {
    "RF": {
      "n_playoff_all": 403,
      "n_with_vegas": 337,
      "model": {
        "acc": 0.6201780415430267,
        "auc": 0.6135636944989463,
        "mae": 12.010537843386881
      },
      "vegas": {
        "acc": 0.6468842729970327,
        "auc": 0.6479906983504107,
        "mae": 11.775964391691394
      },
      "delta_model_minus_vegas": {
        "auc_mean": -0.033812238603989714,
        "auc_ci": [
          -0.0860872061011862,
          0.016469656622654625
        ],
        "mae_mean": 0.23355471146881432,
        "mae_ci": [
          -0.13687628939607516,
          0.5826318361114767
        ],
        "acc_mean": -0.026560830860534124,
        "acc_ci": [
          -0.0741839762611276,
          0.017804154302670683
        ]
      }
    },
    "XGB": {
      "n_playoff_all": 403,
      "n_with_vegas": 337,
      "model": {
        "acc": 0.6112759643916914,
        "auc": 0.6074958215245987,
        "mae": 12.154051423117032
      },
      "vegas": {
        "acc": 0.6468842729970327,
        "auc": 0.6479906983504107,
        "mae": 11.775964391691394
      },
      "delta_model_minus_vegas": {
        "auc_mean": -0.03973018610355062,
        "auc_ci": [
          -0.10378053809441315,
          0.025493132767568878
        ],
        "mae_mean": 0.3842662796962907,
        "mae_ci": [
          -0.08839107189874598,
          0.8664952148586632
        ],
        "acc_mean": -0.034787833827893175,
        "acc_ci": [
          -0.08902077151335308,
          0.020771513353115778
        ]
      }
    }
  }
}