{
  "run_at": "2026-05-20T18:00:18",
  "seeds": [
    42,
    123,
    456,
    789,
    1000
  ],
  "n_series_cols": 10,
  "models": {
    "RF": {
      "all_seasons": {
        "n": 316,
        "with_series": {
          "acc": 0.620253164556962,
          "auc": 0.6064929693961952,
          "mae": 11.999846059567387
        },
        "without_series": {
          "acc": 0.6044303797468354,
          "auc": 0.6208023159636062,
          "mae": 12.004770235845319
        },
        "delta_auc_with_minus_without": {
          "mean": -0.01453882529755699,
          "ci": [
            -0.04190939666786815,
            0.012077530644463312
          ]
        },
        "mcnemar_p": 0.3319754670827342,
        "with_wins": 11,
        "without_wins": 6,
        "mae_paired_t_p": 0.16093666063019246,
        "mae_diff_with_minus_without": -0.004924176277930066,
        "vegas_same_games": {
          "n": 250,
          "acc": 0.644,
          "auc": 0.646832191780822
        }
      },
      "excl_2022": {
        "n": 316,
        "with_series": {
          "acc": 0.620253164556962,
          "auc": 0.6064929693961952,
          "mae": 11.999846059567387
        },
        "without_series": {
          "acc": 0.6044303797468354,
          "auc": 0.6208023159636062,
          "mae": 12.004770235845319
        },
        "delta_auc_with_minus_without": {
          "mean": -0.01453882529755699,
          "ci": [
            -0.04190939666786815,
            0.012077530644463312
          ]
        },
        "mcnemar_p": 0.3319754670827342,
        "with_wins": 11,
        "without_wins": 6,
        "mae_paired_t_p": 0.16093666063019246,
        "mae_diff_with_minus_without": -0.004924176277930066,
        "vegas_same_games": {
          "n": 250,
          "acc": 0.644,
          "auc": 0.646832191780822
        }
      }
    },
    "XGB": {
      "all_seasons": {
        "n": 316,
        "with_series": {
          "acc": 0.6139240506329114,
          "auc": 0.6214640198511167,
          "mae": 12.179973620992106
        },
        "without_series": {
          "acc": 0.6139240506329114,
          "auc": 0.6146608767576509,
          "mae": 11.93777126044365
        },
        "delta_auc_with_minus_without": {
          "mean": 0.0070388157078165765,
          "ci": [
            -0.03302917906187049,
            0.048464673306557154
          ]
        },
        "mcnemar_p": 0.8897069355331012,
        "with_wins": 26,
        "without_wins": 26,
        "mae_paired_t_p": 0.23218797016621617,
        "mae_diff_with_minus_without": 0.24220236054845626,
        "vegas_same_games": {
          "n": 250,
          "acc": 0.644,
          "auc": 0.646832191780822
        }
      },
      "excl_2022": {
        "n": 316,
        "with_series": {
          "acc": 0.6139240506329114,
          "auc": 0.6214640198511167,
          "mae": 12.179973620992106
        },
        "without_series": {
          "acc": 0.6139240506329114,
          "auc": 0.6146608767576509,
          "mae": 11.93777126044365
        },
        "delta_auc_with_minus_without": {
          "mean": 0.0070388157078165765,
          "ci": [
            -0.03302917906187049,
            0.048464673306557154
          ]
        },
        "mcnemar_p": 0.8897069355331012,
        "with_wins": 26,
        "without_wins": 26,
        "mae_paired_t_p": 0.23218797016621617,
        "mae_diff_with_minus_without": 0.24220236054845626,
        "vegas_same_games": {
          "n": 250,
          "acc": 0.644,
          "auc": 0.646832191780822
        }
      }
    }
  }
}