{
  "csv_path": "nba_ml_features.csv",
  "configs": [
    "baseline",
    "E9_only",
    "E10_only",
    "E11_only",
    "E9+E10",
    "E9+E11",
    "E10+E11",
    "E9+E10+E11_full"
  ],
  "seeds": [
    42,
    123,
    456,
    789,
    1000,
    2024,
    31337,
    65535,
    8675309,
    99999
  ],
  "models": [
    "RF",
    "XGB"
  ],
  "n_test": 230,
  "n_train": 6021,
  "n_bootstrap": 1000,
  "summary": {
    "baseline|RF|acc": {
      "mean": 0.7613234782608695,
      "ci_lo": 0.7043478260869566,
      "ci_hi": 0.8173913043478261,
      "std": 0.028461291252929486,
      "n_samples": 10000
    },
    "baseline|RF|auc": {
      "mean": 0.8199268865448639,
      "ci_lo": 0.7602295864427862,
      "ci_hi": 0.8743974165595984,
      "std": 0.02905328312473057,
      "n_samples": 10000
    },
    "baseline|RF|mae": {
      "mean": 12.079968708085106,
      "ci_lo": 10.904736476877778,
      "ci_hi": 13.301052660296786,
      "std": 0.6090792598419501,
      "n_samples": 10000
    },
    "baseline|XGB|acc": {
      "mean": 0.7725752173913043,
      "ci_lo": 0.7130434782608696,
      "ci_hi": 0.8304347826086956,
      "std": 0.03049234905553989,
      "n_samples": 10000
    },
    "baseline|XGB|auc": {
      "mean": 0.8258752877997587,
      "ci_lo": 0.7641259221998659,
      "ci_hi": 0.880635274799575,
      "std": 0.029924162690913598,
      "n_samples": 10000
    },
    "baseline|XGB|mae": {
      "mean": 11.72120070127151,
      "ci_lo": 10.498078621143232,
      "ci_hi": 12.996725857457063,
      "std": 0.6422521753703394,
      "n_samples": 10000
    },
    "E9_only|RF|acc": {
      "mean": 0.779751304347826,
      "ci_lo": 0.7217391304347827,
      "ci_hi": 0.8347826086956521,
      "std": 0.028621915077882615,
      "n_samples": 10000
    },
    "E9_only|RF|auc": {
      "mean": 0.8327204904709488,
      "ci_lo": 0.7741111466970333,
      "ci_hi": 0.8857962967985691,
      "std": 0.028311692356258678,
      "n_samples": 10000
    },
    "E9_only|RF|mae": {
      "mean": 11.899238918666937,
      "ci_lo": 10.753420774476632,
      "ci_hi": 13.10045294298752,
      "std": 0.6040556086513773,
      "n_samples": 10000
    },
    "E9_only|XGB|acc": {
      "mean": 0.7685747826086956,
      "ci_lo": 0.7086956521739131,
      "ci_hi": 0.8260869565217391,
      "std": 0.030983069130591904,
      "n_samples": 10000
    },
    "E9_only|XGB|auc": {
      "mean": 0.8244086252164002,
      "ci_lo": 0.7605291375404303,
      "ci_hi": 0.8823846672403903,
      "std": 0.03129599332660747,
      "n_samples": 10000
    },
    "E9_only|XGB|mae": {
      "mean": 11.873565260717038,
      "ci_lo": 10.576339494115471,
      "ci_hi": 13.209708221519932,
      "std": 0.6706037303916693,
      "n_samples": 10000
    },
    "E10_only|RF|acc": {
      "mean": 0.7535478260869566,
      "ci_lo": 0.6956521739130435,
      "ci_hi": 0.808695652173913,
      "std": 0.029417765934780942,
      "n_samples": 10000
    },
    "E10_only|RF|auc": {
      "mean": 0.8196200847953582,
      "ci_lo": 0.7603911287919424,
      "ci_hi": 0.8738810048986972,
      "std": 0.02886102044656761,
      "n_samples": 10000
    },
    "E10_only|RF|mae": {
      "mean": 12.112879742249588,
      "ci_lo": 10.950500916303797,
      "ci_hi": 13.335042173988057,
      "std": 0.6101302128037236,
      "n_samples": 10000
    },
    "E10_only|XGB|acc": {
      "mean": 0.7663278260869566,
      "ci_lo": 0.7043478260869566,
      "ci_hi": 0.8260869565217391,
      "std": 0.03054449363332327,
      "n_samples": 10000
    },
    "E10_only|XGB|auc": {
      "mean": 0.8207421199416142,
      "ci_lo": 0.7565730855756794,
      "ci_hi": 0.8781255658296487,
      "std": 0.030972068393683844,
      "n_samples": 10000
    },
    "E10_only|XGB|mae": {
      "mean": 11.86978733280368,
      "ci_lo": 10.619847145129159,
      "ci_hi": 13.202505207618941,
      "std": 0.6689793760641736,
      "n_samples": 10000
    },
    "E11_only|RF|acc": {
      "mean": 0.7627869565217392,
      "ci_lo": 0.7043478260869566,
      "ci_hi": 0.8173913043478261,
      "std": 0.028958596085616736,
      "n_samples": 10000
    },
    "E11_only|RF|auc": {
      "mean": 0.8232351650202665,
      "ci_lo": 0.7648403381786409,
      "ci_hi": 0.8766602784684789,
      "std": 0.028527208528118103,
      "n_samples": 10000
    },
    "E11_only|RF|mae": {
      "mean": 12.063525904567614,
      "ci_lo": 10.893733515700617,
      "ci_hi": 13.279381739193715,
      "std": 0.6085028995366418,
      "n_samples": 10000
    },
    "E11_only|XGB|acc": {
      "mean": 0.7649017391304347,
      "ci_lo": 0.7043478260869566,
      "ci_hi": 0.8217391304347826,
      "std": 0.03062631999674037,
      "n_samples": 10000
    },
    "E11_only|XGB|auc": {
      "mean": 0.8210150219363556,
      "ci_lo": 0.7585033423501253,
      "ci_hi": 0.8780428860609328,
      "std": 0.030669597701917156,
      "n_samples": 10000
    },
    "E11_only|XGB|mae": {
      "mean": 11.779116228513764,
      "ci_lo": 10.570969069745066,
      "ci_hi": 13.01625582247567,
      "std": 0.629623256422822,
      "n_samples": 10000
    },
    "E9+E10|RF|acc": {
      "mean": 0.7770769565217391,
      "ci_lo": 0.717391304347826,
      "ci_hi": 0.8347826086956521,
      "std": 0.029140570862923713,
      "n_samples": 10000
    },
    "E9+E10|RF|auc": {
      "mean": 0.8329529153577756,
      "ci_lo": 0.7747055327672124,
      "ci_hi": 0.8855923077476233,
      "std": 0.02815236317744715,
      "n_samples": 10000
    },
    "E9+E10|RF|mae": {
      "mean": 11.907339957732896,
      "ci_lo": 10.756042409310963,
      "ci_hi": 13.116868682434928,
      "std": 0.6052226940528364,
      "n_samples": 10000
    },
    "E9+E10|XGB|acc": {
      "mean": 0.7740708695652174,
      "ci_lo": 0.7130434782608696,
      "ci_hi": 0.8304347826086956,
      "std": 0.03022799812327226,
      "n_samples": 10000
    },
    "E9+E10|XGB|auc": {
      "mean": 0.8252797702993208,
      "ci_lo": 0.7628068613668049,
      "ci_hi": 0.8813017178729707,
      "std": 0.030113071835025294,
      "n_samples": 10000
    },
    "E9+E10|XGB|mae": {
      "mean": 11.876400236737357,
      "ci_lo": 10.657784887283391,
      "ci_hi": 13.134441687898791,
      "std": 0.6299050656826468,
      "n_samples": 10000
    },
    "E9+E11|RF|acc": {
      "mean": 0.7805495652173913,
      "ci_lo": 0.7217391304347827,
      "ci_hi": 0.8347826086956521,
      "std": 0.028149645630799726,
      "n_samples": 10000
    },
    "E9+E11|RF|auc": {
      "mean": 0.8322843743002594,
      "ci_lo": 0.7741130952380952,
      "ci_hi": 0.8853298915973495,
      "std": 0.028228089577899847,
      "n_samples": 10000
    },
    "E9+E11|RF|mae": {
      "mean": 11.882570740461253,
      "ci_lo": 10.73814087407376,
      "ci_hi": 13.086619123195716,
      "std": 0.6041491406260666,
      "n_samples": 10000
    },
    "E9+E11|XGB|acc": {
      "mean": 0.771095652173913,
      "ci_lo": 0.7130434782608696,
      "ci_hi": 0.8260869565217391,
      "std": 0.029024711613040703,
      "n_samples": 10000
    },
    "E9+E11|XGB|auc": {
      "mean": 0.8256345104714339,
      "ci_lo": 0.7657455157414533,
      "ci_hi": 0.880396989353305,
      "std": 0.029403003933637574,
      "n_samples": 10000
    },
    "E9+E11|XGB|mae": {
      "mean": 11.824061971787557,
      "ci_lo": 10.638758520843137,
      "ci_hi": 13.059756361505258,
      "std": 0.6131977812570165,
      "n_samples": 10000
    },
    "E10+E11|RF|acc": {
      "mean": 0.7606313043478261,
      "ci_lo": 0.7043478260869566,
      "ci_hi": 0.8173913043478261,
      "std": 0.028947194496932154,
      "n_samples": 10000
    },
    "E10+E11|RF|auc": {
      "mean": 0.8200659930931162,
      "ci_lo": 0.7610308442616637,
      "ci_hi": 0.8742946863046968,
      "std": 0.028758647786261287,
      "n_samples": 10000
    },
    "E10+E11|RF|mae": {
      "mean": 12.103101134282122,
      "ci_lo": 10.939688143780296,
      "ci_hi": 13.328456766814286,
      "std": 0.6098879253535495,
      "n_samples": 10000
    },