{
  "csv_path": "nba_ml_features_no_e7.csv",
  "configs": [
    "baseline",
    "E9_only",
    "E10_only",
    "E11_only",
    "E9+E10",
    "E9+E11",
    "E10+E11",
    "E9+E10+E11_full"
  ],
  "seeds": [
    42,
    123,
    456,
    789,
    1000,
    2024,
    31337,
    65535,
    8675309,
    99999
  ],
  "models": [
    "RF",
    "XGB"
  ],
  "n_test": 230,
  "n_train": 6021,
  "n_bootstrap": 1000,
  "summary": {
    "baseline|RF|acc": {
      "mean": 0.7570895652173912,
      "ci_lo": 0.7,
      "ci_hi": 0.8130434782608695,
      "std": 0.02865962452078564,
      "n_samples": 10000
    },
    "baseline|RF|auc": {
      "mean": 0.8194390953177705,
      "ci_lo": 0.7597520302694721,
      "ci_hi": 0.8739293426688619,
      "std": 0.02909332116010731,
      "n_samples": 10000
    },
    "baseline|RF|mae": {
      "mean": 12.103308785072889,
      "ci_lo": 10.939550317657345,
      "ci_hi": 13.321393095700913,
      "std": 0.608676516491634,
      "n_samples": 10000
    },
    "baseline|XGB|acc": {
      "mean": 0.7640869565217391,
      "ci_lo": 0.6956521739130435,
      "ci_hi": 0.8260869565217391,
      "std": 0.03331112144393298,
      "n_samples": 10000
    },
    "baseline|XGB|auc": {
      "mean": 0.8200020578584978,
      "ci_lo": 0.7573588526106131,
      "ci_hi": 0.8778950428396572,
      "std": 0.03058286586721517,
      "n_samples": 10000
    },
    "baseline|XGB|mae": {
      "mean": 12.125780104023603,
      "ci_lo": 10.887076564636386,
      "ci_hi": 13.415222535311528,
      "std": 0.6511195531036855,
      "n_samples": 10000
    },
    "E9_only|RF|acc": {
      "mean": 0.7800726086956522,
      "ci_lo": 0.717391304347826,
      "ci_hi": 0.8347826086956521,
      "std": 0.029585572110583675,
      "n_samples": 10000
    },
    "E9_only|RF|auc": {
      "mean": 0.8318119805298385,
      "ci_lo": 0.7734888457754342,
      "ci_hi": 0.8851798026427115,
      "std": 0.02843279915673814,
      "n_samples": 10000
    },
    "E9_only|RF|mae": {
      "mean": 11.916634366781148,
      "ci_lo": 10.772445540137676,
      "ci_hi": 13.121833530894753,
      "std": 0.6062516444402823,
      "n_samples": 10000
    },
    "E9_only|XGB|acc": {
      "mean": 0.7746747826086957,
      "ci_lo": 0.7130434782608696,
      "ci_hi": 0.8347826086956521,
      "std": 0.03196078310861866,
      "n_samples": 10000
    },
    "E9_only|XGB|auc": {
      "mean": 0.8242768725048658,
      "ci_lo": 0.7616174508349813,
      "ci_hi": 0.8803955142301702,
      "std": 0.03035212236963392,
      "n_samples": 10000
    },
    "E9_only|XGB|mae": {
      "mean": 12.174002339422653,
      "ci_lo": 10.920801637339478,
      "ci_hi": 13.469128541693333,
      "std": 0.644910561976732,
      "n_samples": 10000
    },
    "E10_only|RF|acc": {
      "mean": 0.7548408695652175,
      "ci_lo": 0.6956521739130435,
      "ci_hi": 0.8130434782608695,
      "std": 0.029241858235901433,
      "n_samples": 10000
    },
    "E10_only|RF|auc": {
      "mean": 0.8193356467209857,
      "ci_lo": 0.7598401074982231,
      "ci_hi": 0.8740728861416125,
      "std": 0.028861644209023152,
      "n_samples": 10000
    },
    "E10_only|RF|mae": {
      "mean": 12.141059455872977,
      "ci_lo": 10.978883977098596,
      "ci_hi": 13.358257624278195,
      "std": 0.6096126054675778,
      "n_samples": 10000
    },
    "E10_only|XGB|acc": {
      "mean": 0.7671495652173913,
      "ci_lo": 0.6956521739130435,
      "ci_hi": 0.8304347826086956,
      "std": 0.033960003579477864,
      "n_samples": 10000
    },
    "E10_only|XGB|auc": {
      "mean": 0.8116137965688243,
      "ci_lo": 0.7439947036281584,
      "ci_hi": 0.8711855468534857,
      "std": 0.032176775429043104,
      "n_samples": 10000
    },
    "E10_only|XGB|mae": {
      "mean": 12.163761893203098,
      "ci_lo": 10.931003795779594,
      "ci_hi": 13.419937156113269,
      "std": 0.631310067666569,
      "n_samples": 10000
    },
    "E11_only|RF|acc": {
      "mean": 0.7583047826086956,
      "ci_lo": 0.7,
      "ci_hi": 0.8173913043478261,
      "std": 0.030168879652628613,
      "n_samples": 10000
    },
    "E11_only|RF|auc": {
      "mean": 0.82150396013065,
      "ci_lo": 0.7627596451814651,
      "ci_hi": 0.8753462260937979,
      "std": 0.02875420819275806,
      "n_samples": 10000
    },
    "E11_only|RF|mae": {
      "mean": 12.089545325667112,
      "ci_lo": 10.920997709362243,
      "ci_hi": 13.307664738723007,
      "std": 0.6081951650146505,
      "n_samples": 10000
    },
    "E11_only|XGB|acc": {
      "mean": 0.7672473913043478,
      "ci_lo": 0.7086956521739131,
      "ci_hi": 0.8260869565217391,
      "std": 0.030376461396403,
      "n_samples": 10000
    },
    "E11_only|XGB|auc": {
      "mean": 0.8191941290060851,
      "ci_lo": 0.7567239486703773,
      "ci_hi": 0.8751347260733197,
      "std": 0.03039341103160391,
      "n_samples": 10000
    },
    "E11_only|XGB|mae": {
      "mean": 12.167447155127359,
      "ci_lo": 10.960009595413247,
      "ci_hi": 13.425274553493313,
      "std": 0.6331904773118922,
      "n_samples": 10000
    },
    "E9+E10|RF|acc": {
      "mean": 0.7757539130434783,
      "ci_lo": 0.717391304347826,
      "ci_hi": 0.8304347826086956,
      "std": 0.02930469465267949,
      "n_samples": 10000
    },
    "E9+E10|RF|auc": {
      "mean": 0.8321037696637134,
      "ci_lo": 0.7740969927149964,
      "ci_hi": 0.8854366870452063,
      "std": 0.028144483954699845,
      "n_samples": 10000
    },
    "E9+E10|RF|mae": {
      "mean": 11.930410302672552,
      "ci_lo": 10.774758172936865,
      "ci_hi": 13.133316471970698,
      "std": 0.6069554961205403,
      "n_samples": 10000
    },
    "E9+E10|XGB|acc": {
      "mean": 0.7716008695652175,
      "ci_lo": 0.7043478260869566,
      "ci_hi": 0.8304347826086956,
      "std": 0.03169517594033023,
      "n_samples": 10000
    },
    "E9+E10|XGB|auc": {
      "mean": 0.8216218218353559,
      "ci_lo": 0.7548872589265592,
      "ci_hi": 0.881180485333157,
      "std": 0.03215924566492437,
      "n_samples": 10000
    },
    "E9+E10|XGB|mae": {
      "mean": 12.106407841591423,
      "ci_lo": 10.848890866733603,
      "ci_hi": 13.388081921897422,
      "std": 0.6470850104179123,
      "n_samples": 10000
    },
    "E9+E11|RF|acc": {
      "mean": 0.7839213043478261,
      "ci_lo": 0.7260869565217392,
      "ci_hi": 0.8391304347826087,
      "std": 0.02803505574275397,
      "n_samples": 10000
    },
    "E9+E11|RF|auc": {
      "mean": 0.8323012532357127,
      "ci_lo": 0.7741337388664975,
      "ci_hi": 0.8852885880664241,
      "std": 0.02830722998932518,
      "n_samples": 10000
    },
    "E9+E11|RF|mae": {
      "mean": 11.903836240735563,
      "ci_lo": 10.762393612763805,
      "ci_hi": 13.110872138007462,
      "std": 0.60642651671776,
      "n_samples": 10000
    },
    "E9+E11|XGB|acc": {
      "mean": 0.7620126086956521,
      "ci_lo": 0.7043478260869566,
      "ci_hi": 0.8173913043478261,
      "std": 0.029046357158368126,
      "n_samples": 10000
    },
    "E9+E11|XGB|auc": {
      "mean": 0.8144617713784531,
      "ci_lo": 0.7501838021164068,
      "ci_hi": 0.8726109896786506,
      "std": 0.03132484645565466,
      "n_samples": 10000
    },
    "E9+E11|XGB|mae": {
      "mean": 12.184944375837178,
      "ci_lo": 10.947105311484725,
      "ci_hi": 13.454133960808749,
      "std": 0.6406217050618074,
      "n_samples": 10000
    },
    "E10+E11|RF|acc": {
      "mean": 0.7592082608695653,
      "ci_lo": 0.7,
      "ci_hi": 0.8130434782608695,
      "std": 0.02876436978853727,
      "n_samples": 10000
    },
    "E10+E11|RF|auc": {
      "mean": 0.819336096824372,
      "ci_lo": 0.7597940781089825,
      "ci_hi": 0.8735157227784731,
      "std": 0.02891281339944601,
      "n_samples": 10000
    },
    "E10+E11|RF|mae": {
      "mean": 12.130612019766364,
      "ci_lo": 10.96857042654442,
      "ci_hi": 13.347672911971062,
      "std": 0.608892789257059,
      "n_samples": 10000
    },